fuid_md5,dep,actual_od_brw_f6m
000984febedb7f9cc4d6a7ea5fab06f5,0,150000
0023df93e7c8ec3cba9cb0e6b6a0f186,0,0
00714c3fb4e6c4b13b1cb7032df24040,0,1441400
01527fb68a6487876d8b4ac06ce88c8a,0,1045000
018a2697f14bd5a95ee059e1b001ed99,0,693400
01f1b44d4eec04236ec793b9ee6b422b,0,20000
027589d6beef3a0f3056d7044137a324,0,40000
02e8a72c5ceafadeb5b0db1fbe1885f6,0,40000
02ee32dd87bd76456b7df62dbd7945f9,0,0
0330850aab5d78f0b54a6f0354455357,0,288600
0352cabe1227b83505e607991f1b3fe3,0,471900
035db5cc4b697bf25e36f000bf9fe23f,0,0
03e7078a714f65f2486dbddc786c6059,0,3230525
0447a33c7484e7c143652fa3367c976d,0,70000
045d7548f693cf8840f7a050d764186c,0,0
04679a39d65599d250137678edcb1e27,0,0
046b240df50f196b34da5c3b23caf76b,0,10000
04bdc86bb7d60b08c0ab983553c60913,0,960142
04f9110dc270c7fa38ac2020158ee005,0,114100
05570898b47c92e184538620798a95d9,0,0
056817676a78f299362dc7c7957eb41a,0,514992
059bb42c65e9a53427d09a1a629c9cc4,0,0
05c47d379482923d9ee8eac04f531cc3,1,0
05f47285e5a7de4444b06bc9d4e8e950,0,689855
05fff166e8b336732d5ddcab7936af91,0,0
062b29789a57ec8591c23fa442d8e89d,1,0
065528cb7657142f854a17451089a083,0,0
068dc258c01ca662c1f5dff1c81a6d74,0,49100
06c5b958b83250a499391cac777b88ed,0,0
06d38aea3bfaf6f0495ae4487d14a484,0,679930
06df6eabac38fcbaa12f66f5f0c8ff66,0,0
06f8a61e8b9a8c8ef161308aea30f303,0,552000
071fcd1cf2b733761d075f942b4b2f8a,0,0
073ce9032d2264b49e12b86456a352b7,0,0
0747a1a52238ea822505debb10218a59,0,0
07d8c1993a66bc75655789f3b067b566,0,800000
07ea12356bfbc2be27405673c53f2608,0,218600
08fafd17f396ee085c5de7eba7c472bc,0,2900462
0931d5b46fb05e1bbfb31beccdbfd7b3,0,0
09371eb4d8fdb6d439cd0f5a944b9730,0,247400
09c8abc11c31f36db780523d4a7c59fc,0,8985
09d206e0d39ac2225949c05990555479,0,192000
09f501ba43ab0b799ffea250dc6f7954,0,0
0a0ffc0c6187a74b5972f6e6617838b0,0,598852
0a121bc4196d6d1773e3f5ad40d0da44,0,9670
0a75d0f24971aefeea600b853d1281ec,0,297985
0b27d1bf8dddfc4d0b208151afd9f7cf,0,240000
0b356c724b85ac3df449e595780d8559,0,1290000
0b3f95ccdc1cef83ddb04d8cb1fe750d,0,348800
0bb6080f5470159c70ff83b08ac97b24,0,50000
0c829830ecd3b78ee189a58a3c5818cd,0,0
0cfd1fa7f8d9f2c7f68241cc95bb721e,0,80000
0d055871762e92393f31775a6918a8ed,0,340000
0da45f6e9da227ae01ecec3ecb1b99cc,0,0
0de899b9305cb8f6ec0a506df5dd804b,0,0
0e18f503631a0a6fee76d6beaee5a22d,0,20000
0e3207f01314c6b4bcfd5468daf6da86,0,1350000
0e50789e0992405d3f49e29483ad9535,0,0
0e6e66a99eb3e2549f8ae5cefe4bc225,0,0
0e994458aa943319d5399cee312799bc,0,454110
0edbf051dc8df268528640a3928bcc7e,0,71300
0ef5972b092a274aa249f1d69907326b,0,30000
0f550e96ed279084b9cc3e9841ac0c54,0,497570
0f63b0e74a8a441d9ecb3b63c7667540,0,0
0fa68db06702637c7c536a8b8b957434,1,378500
10b11518cc7bc62a1a60c511934fdc39,0,160985
1123165343c133b63949784a7c9959d1,0,323000
1138e3f7bcaa8d7ed606afea6db9168a,0,580000
114bb7e7204ed1c3eefdc96542ea9825,0,0
118e81e8d935fa718406e910ad0bcf83,0,300000
11d4f66811f021a7e4963afc8e6b2126,0,1700000
11f9c01cc7a68e2ce1ea3410fa6c09ac,0,0
1210c704a3d4cd5c91f43cc212a3e6f7,0,80000
12217605fa8622d7b212dfc484aeff79,0,8970
123456f3d89da56cdf9c508065f26ac9,0,75000
126d6e4f9600899b6f92608bf5561e33,0,1029100
12c61277a2dcfed69a86e15f056021b1,0,76270
12e8e5a33b8c675f607f08916c1f9364,0,0
12f26af536520bbcfe263987df3ced7f,0,1621100
1339d32f7d2af095c523479e99fd9da8,0,202000
13c0258156cdc1930da2956170d6d642,0,70000
13d3b340ecd957735371b59cf38de07c,0,280000
140b93559e158f695ecad956d111ed87,0,639000
141095774638d950294f3cff9806b73b,0,0
14355bd52df32826011f9527bfe16691,0,249900
147aad2fed34cd326bcb18892e092844,0,299700
147be344a478d774160c972557789502,1,0
14adca1da0e27b1d1549e8470e62347a,0,0
15104856855e1f5ec800bdad617b13fd,0,1969670
15d2004a230c8e67b9ce59588e96e02d,0,178890
15eae85d20ea3615d526a73ed54406b4,0,672700
1611c99b1f65b9b49b583d82a278d266,0,0
1611eab6169fd3ea8916955fc7cd08c6,0,0
161a8950ee883fd61556aac68cdd6e94,1,100000
16318b92ac5a64a53bc6965be62e6962,0,0
1639cc109ef5f2f7da4d279fc0c7f13b,0,0
166e3766b81534b3f00def91a384f6ee,0,357470
167cfd8838bd30f3ef08b540f8c6be8b,0,668385
16a32a1f789fd54c0d55854adfa21843,0,979000
16a6bb75a1749ecb71327c90bdcc5726,0,620000
16d0e924d039e293589a1d72a160786a,0,0
176744875f010830dc118ef67e7fb305,0,0
17b6200c143f2807901150209b94c0fc,0,0
1819660005d8f49b60b3a626c712e9a1,0,340300
182bc90e12e57e793301eed93668d50c,0,446828
185606eb7009666ddf89063165d5096b,0,993500
18c60792278cff08723aa25416db0bcd,0,332992
19163e26ff800641b961f6abcbd6663a,0,0
1979edf01b11650aeb007ad2206f2850,0,40000
198e9d0bb87c1512724765c7b78cbaeb,0,100000
19f2a0c06e1ec7ebc00ed713d69fbc22,0,160000
19fcfdc0b449fd55e63e6b29e4447dbd,0,1779900
1a044e0ceb322b792deb2b12f8064535,0,991100
1a220f8ea2bd8afbf4601bb161a0b1f6,0,0
1a4ab4f6d67957aace39e216f5172363,0,360000
1a5de3a613f36125485aa70f9bdaa55a,0,0
1a7f69029dff7aac851f36394b45f01d,0,0
1b198c8a243d2aa032aeb247e95b500e,0,1503300
1b323a1aeb8e3fed6f8494b25fd93401,0,0
1b6209c89f68bee7b6bed68794904520,0,0
1b78d36835cebd5a72cc73edc9b67a5f,1,600000
1ba1f5ccab02461819eb3428d7e61fef,1,0
1c09d86c7919bb61cd2b55ec7a99629a,0,470000
1c33afd06d6f96df32db12fa830ab7f0,0,699900
1ca7c40cdc107bb35f2a91f8272387cb,0,529070
1cc729effcdfc438095cb92c9184edef,0,1869970
1cda65112d5c5e5888d55dd62cf192ff,0,117200
1cda8013d28f1fc39c72253df78b9d65,0,0
1d0beba96f675810ce115d9ec5579098,0,1877900
1d19482130fc7200e0eeb1bea05ef692,0,135000
1d4127f37c3932576718807a2582cb07,0,1074300
1dd0c6bba0f1d1e8e5775d12ad31c9e7,0,290000
1e121a61df57a533ef1c6f87d44e2ef3,0,478200
1e19ee9774f83f39fc6f66056b311a3a,0,0
1e248b6c70153e9d12408f86ed22bcdc,0,506075
1e28058de9d1b800f0340778308f919d,0,0
1e31c7743a9b2500f4762862d839bc95,0,359900
1e7864d0c3f11b3e263b18fbd65d50a9,0,273000
1e8e381b31dd0430abd7f44fabdd3ada,0,0
1eb683ebdec4e5abfb0f23d01744eb46,0,952985
1ec866a6a3320897f2990bf96c033ded,0,239900
1fbb99083907d22173d96eb7262de64b,0,0
2003c56907def82b87d97d46ad9c8cb6,0,4242900
20659ff1d5689121e18245bf73635b04,0,2301255
208a371eb5403c56abd31d2b3d83e322,0,192000
2135a1032ff1444fd90e0c288398f049,0,0
2141072d97c0cfd12ae11d697023ff6f,0,0
22689bd52fab581ddd532b2604258dc0,0,0
226f2a1df3c9baaf2b020950cc87e681,0,0
2281c557772bb667a4d4d4de8b43ee00,0,382935
22aecb1edcacd9dde0988fe3f7074d6e,0,905000
22af9a0a4f53cf25da0a7a54bf6d7d3f,0,0
22afd019b7c5322c48d85acc6f911447,0,700000
22beb1f40a6c38bac3c8d7d05c2cc663,0,0
22fbb8824e1982b9406b24707fe48fca,0,45990
230236e4a4990e190219195d671050ff,0,0
2310f2e0545023910e63fc9c3a79fdc2,0,0
23165c8ac17ecdbc74085e87158186d5,0,1288965
2361367fcddf75b478a0806b71f7241e,0,653625
23ca35d362fb571c81fb87ec7b977ccc,0,2995
247001c57f7d57d224b4e6bd2f1a86e5,0,146500
24ce4a67b6818328e3852577d709143f,0,0
24e7a94a6fe5b452c2b44576ebd39b12,0,416300
24fa43a4346c5b50d181fb4d1119337a,0,0
251a532feb18d51b5f8ee46fbe715fd9,0,964995
2525bc43ce35c99ab8c5bad1492483ff,0,0
25344d3f47f0096050a3252ae1e12008,1,0
254a21c649bc8ab52250b9f318081f4f,0,0
255e7de1214cb0a6503b79f5253d2ba7,0,0
25bc0fe22f6649fc19be1d1e09ae091f,0,0
25c93f2089825d2850cdeebb2a6c1a44,0,980000
26981a32bf38f18c766fdb6f256012a9,0,360000
26d88d7b33506b88035537a0b076a40d,0,558882
26fbdcfe648f45a109895b8784bb7b7b,0,285000
27449ab03c5453daa40febe041170bd0,0,401290
2764c7abc741ad48bcc7cccb5e29332c,0,9685
2788f31c32c92b3c6b92d3ec20bd8f66,0,10000
279058ae5216d1f4c434b3e15219edd0,0,0
28192be4249584fbb210d1f346aa7e58,0,360000
282e9f3897f7e2f00681002395b9d679,0,200000
283967bad030afcc517940373a6f476e,0,0
286280d5a30d68f34d045bb58958b6ef,0,760000
2930013e9e896eb3a4bb7642e2f6ca85,0,527595
29896f00c4593bc5167dbda65d1f4b1d,0,1453000
29a322ecb5b3e4601523f56e9365a9c4,0,1169010
29d2cdc6ad9597386d952f4d52829022,0,342000
2a73c3805a91148bc431b06ff7e8a333,0,0
2a7950e32ad8e9ecf686b79115faa18f,0,0
2a7afe26ffdd40d484fa6c41efb6a615,0,740000
2a99393c82eb1b42a46c62cd2e53025e,0,190000
2b644f733317528d4c00ef4caebf5ef6,0,350000
2bc97e16dd6087f6dc0ffdfa16397eaf,0,620000
2c0bdba63818ed0ad49ee8cd44899b88,0,38675
2c45533c962b17b83f5b21893cb85cfd,0,0
2c9a1b84c9c612a2852efb204d1aae4e,1,0
2cdfca79afb54ce48d1cebf6c5cbc170,0,0
2d39270349428f2b7a56a802796c7f4b,0,0
2d48d6feeabd3f3a8c093589f008bbdf,0,70800
2d6c621409d7cf9e0e2cddfde8ebc3ff,0,0
2d790e0f84666e9d97f85bf1da03292b,0,0
2df106777cc345b93268b7eecd28bafe,0,152000
2e2c430bcc5b393749ae9bd13b485010,0,0
2e3d9f0ec55653b2802e837e075ea06d,0,463640
2e6a6e39091f9ea08d41ea0c8b38b58b,0,70000
2ec8d0b4cc2a896f63ecd33d1ca2f835,0,0
2f488546d90edaec4d0805755b020c21,0,274600
2fe86f21257e72ffa4d4dba1a72c3440,0,0
2fe9c46fb6a84632d46bc08db2d0826a,0,0
301d9907d6cf27daf94572e950e84745,0,592313
30656d9bc8a9800afff6269fdc31d3d1,0,100000
3095efa2f66257ee5e9e4233a7f82e3d,0,0
3149ca39b5434baa850d0faefe59a901,0,697231
31588e9302bbead655d87ea7ec26f61c,0,20000
31ba1a60b4ff115d3f2cd11a319523ee,0,0
32cd12bfff98534744a4766eea351a8e,0,0
32edbff8112fe9b52d8dff30968c64fb,0,0
33b3c76b7ddf806529f3ac6c4d0383b3,0,1020000
33e24ae08a7df44e0a7b79f4f16e1cf2,0,0
342e61d3c6e1c5bcd1c910455b9b5832,0,0
345ed851cc2d4c67a7f77479af5f1d4b,0,280000
34d3b308d78b07b7957b90382758ed1d,0,0
34f07b8c69a740afe96125b63cffdf91,0,0
353df127babe77027a708200ea83472f,0,0
35ef566d4d4448203d92f51c536d5ae0,0,0
35f941757f90ce20b96109b6fd0cc0a4,0,603200
3601c11804b079b023e9de735bd1288f,0,0
364d3ea2637b26bd490c04f109adbf47,0,0
36603dc2e35f031c0db8031d01676c09,0,171000
366a4f2330357f69d04edf6bc2ee614d,0,0
367c7588058d274bcfea3ad592f5cec9,0,411880
36eb97a84559277c013d309e876b62a2,0,9685
37ae01c7a48d9cc1e71c5f8fc1b54b25,0,1283700
384113c12f2b70fddfd8a07ad740ce42,0,517995
387331b129904a839fc4e8932088989b,0,0
389a481471e9529e286bed6cf1b1fb23,0,0
38b0e830a659ea9a05888b924f641842,0,0
3915e36edce8b707f8b0cada46329e12,0,1230000
391b2517397154209f84646bff735711,1,0
39952990ed034b5575e324aaa0079067,0,657285
3a0ed2bfe74be4e06618a47d1112db31,0,0
3a186c0b1e3ccb4d2d55042c469930bb,0,0
3a1d997d6eaca1c89626faf79e5f4484,0,0
3a208b5f162d2aacd82f47a0e6e37a9d,0,0
3a5dbe19cc812a2668f657f157e92d4d,0,383800
3a9ed31c3b6febd2fae5a9534a834514,0,0
3aab3d3fd27d741c7db8b1bcc6364ef8,0,49035
3ade3c8c4d71f8fb7e2336580c78a6ed,0,0
3b0eb20fe0245d7b9e467f1761bbfde6,0,199300
3b3011344853d28f3ac0b4a5516079c1,0,0
3b3bbf3858c10b4507ea4479330ca9e3,0,0
3b6711ee7e369d6d0193cdee17ee6289,0,930000
3b816183815332a1b326c01575e9c332,0,0
3b9edc27208a0f53b979d982f1efe792,0,624295
3bbe64ac3b003a366b6c4d5f23636e30,0,0
3bce58b69c3bd340e0d897cc779c4193,0,100000
3c132045a551118becbbc1355ce66d41,0,479800
3c8004112268042a655ad4d0915020ba,1,0
3cc9684f6caf291c29772f4b247cef26,0,200000
3d28c3dea9e0ad12c7dc0abfcc4d1d90,1,0
3d6372962c4b16593dd544cb266bbafe,0,50000
3d8e2b45534fbd6037f0e50f45082437,0,20000
3e195a1ba61cf72ad232350481b00cc2,0,100000
3e280b8a129c8ef905708f2c0792f8d7,0,2665792
3e9963f96127f1f47bb0cc885079fbc2,0,300000
3eb614926ace4ecd5d5f66a48702b40e,0,514985
3f0e691cd8ad2d123e19bfd6fdc258a6,0,370000
3f6a39316ffbc59ca1249112b5ddad86,0,1123000
40045a3b159ee71d878ec93228c81971,0,0
4007b24b118ea1cc95a8e6a3ffc0f9fd,0,0
400b185a0df8f095462a8d8e726cb279,0,1337700
405fbaf7407f1ceb0df96109ece6ef29,0,269485
40b3d9499313540f09c2ca0be73f4e9a,0,474000
40d94c762e47674562f7cd332caabf36,0,0
40d9a9d35628bbb1f418d20f0cebf4ec,0,582000
412608aa0074979f6811e046cacde560,0,108615
4166119f08c2b11dcd6ba297ec804bd2,0,0
4172cd987fdc8731d3757b00fa63bd5b,0,0
419c5c6ca40452b2dbe63d533ec8dc67,0,0
41af87a83f6cbb915b0deca0d7885881,0,1269470
41be28928a8b7ff08aa9302736f40cba,0,420000
420b752270872bead86a4b312b15a5fa,0,0
42188179d4613612d946715739a01767,0,288840
42a63efc3837e377d9e2b510b8039b95,0,1060000
42c5ee2c1f5729a3b80317991376e0f9,0,891100
43ebf1fcacd6beeb6091cdb09921219d,0,0
44f8f65eceb90699b5c8db08cedd1528,0,1180200
456d990686c0eb4c112d4b4e49c90dd6,0,3758505
45853aa9026042d6fa32828751b7d070,0,387080
460082c0c91e7ae2be38f297e1b7b3ac,0,68800
467d35a3f5fb0e94e84719cb5ef95814,0,450000
467e0bff1ac0dabee71876bd2d5a7497,0,0
46e2fe7dd8269c5fca25acbff2f666c6,0,600000
47a2ce247615cbd2da5c25579a98ec34,0,930000
47a579e2f0b0114623703641d02962ab,0,59000
47bee5acadf0dd4e76fa40cc566c5193,0,20000
47bee7862eae6b6f227c0e69f73e746f,0,0
47d0c50162ded4a897704295c71b15ab,0,1524194
48230301e12fbb83185786b116d2c3e3,0,350000
489bcfeed1869173eb00d2a2a4b8bd1b,0,0
48b1677800bb6da8547d43a041a8c5e8,0,682200
490af4358b86730f9b48af997807713c,0,648756
490e2e4dc6d9a3db321b12c1ce958c7c,0,133985
4934f760e8a7929135a0e7da30dfe2a2,0,787801
494777f17b1554fa0b3c1e47ebbecf1f,0,0
49486dc397985d71682adc2dd0c4ff1d,0,120000
49609977391de60131c3287aed640e27,0,600000
49ab3520459a88099c0a84b77fa5b559,1,79710
49d92a95b310b3c371b7bef0d5756863,0,80000
49ed31daf635a5990620595a6954cdeb,0,768400
4a70195675ee37965a032253c7b200b2,0,700000
4aaf7b01a5868824d4b3acfc9621d1cb,0,261900
4ad796c5e2586add5c3a82993b050374,0,115000
4add57eb9689f6c5e49169650d708187,0,0
4afcf938e12764272eacec820a340bac,0,1366670
4b7ed2ced880f136cf731a5bf8ebf665,0,1233785
4bae7a045f78e271857706fae02245a5,1,0
4bb5dea2c181e4146a9183f1b58cf8b9,0,941800
4cadde4ca07e7648170046184bff550b,0,919900
4cbdff02f283618eb751a8bd9b764770,0,110000
4ce3b35bcb7c920eff050adf7f52680a,0,0
4ced8012f018550f5b9b8a68b83bfa35,0,495000
4d136e8e73c3608300c20b9d49f97775,0,0
4d1abadbe86550a0119f4090ea5ffdbc,0,0
4e9ce2e77c1c6bc6ff0ca70f7b574237,0,0
4ec5324d5eb5901fe2bc847f1e8ce14b,0,28940
4ed697e3b2e57e61a3f1b8642d11072b,1,0
4efc9d2be37a7ca998be2610ae298260,0,100000
4f6b5683fba89772651a08a091648f8a,0,60000
4f85dff41129231c6f68d9be2f84555b,0,32949
5078b5a368e9ffec61f321ea1e809813,1,45652
509f14ed30fb7dba4a9d305aca40ffb6,0,50000
50a1b32c5a815a504693b5d4b01296ef,0,200000
510786cd7b2bd3d9741664fa01fba904,0,2070000
5112e59c306844753239b0a1357c9a2f,0,984351
514284b65ebbcb0ecd69a7c0ec840f41,0,234980
515368e9d22a50d38383b69ad4e8d3e1,0,0
5166a6850635c54640f11afde6d3a245,0,0
51a5d6996745a75fbb8583c1cf27bc40,0,300000
51de176585a7244a1172210836a4c751,0,0
521a3b4ff31215df3dd16bc5d6918e6b,0,1018600
5228314cdac8b6b77734533b965244b4,0,668962
532a3cf417b16371598589be282341f3,0,0
5377326f7601e97576c155b4ace3d794,0,1530000
544a14ef6e860616f6ab718f4fce03bd,0,0
54869a6fbff053ed561709fbc28b74b1,0,0
54b7bcd4e7d763c3ebb1cd311b81e7e4,0,2390000
552cfabef301dbbcbdbe83dd300eb8f8,0,360000
5533033514a8f511118785ce5d7f4698,0,166505
558f09ee0c5de94bc5bce08bb4185ddf,0,827000
559085bec035f2760981db836b0fccf4,0,496300
5660df56ad8f821e304e5089dd4dd826,0,40000
566a811abeecac83f297825316acdbc6,0,120000
566fc96d96610c2264d2b02afce0bd47,0,0
5689a96a58f88fd27e2ee81d0fef3e14,0,305900
568aa368f3c68ec20a3e9940c294717e,0,448900
568fab08e25d4ab7f15a87f118d344bb,0,1292000
56ae49265aeb013dc8dde5708b72b271,0,992676
571476e3b37f4d928f321ea4d27c626c,0,0
573c56291240923dbad796894dddcbde,0,202500
575313c2f3f20ba41322e358fb576d2e,1,0
57589101988ec5ffe65e9cf4c4a1cd8f,0,0
576f1eaf514db6b64464a6642ab32b70,0,0
57919fc470a3f50e5fabf11cab2ef664,0,499900
581cd6b4fafbf1aba2d5ef17dcaedc88,0,1019100
586b2e5e63fdfeb037df887aaa281708,0,1734260
58795ca66a8a66706a27abeb92331c4a,0,0
587f708d606d81575e62bd4ed180e4b4,0,0
58a7dd32afd5dc34a03cbaa9aa95cccd,0,90000
5925bb37b423db4a76e537990484c4a4,0,190000
596523368d2318ab01b6e7c08e64738c,0,0
59779ef953cc965000756a8020d00aca,0,410000
59fb3006e93bc776ec08cef6250f51cd,0,120000
5a74c036b0ef0ab312c5f7a3ad9a7268,0,578000
5aae1636fed6df719db8320321233d91,0,63685
5b1df7db2d37998f77ed9ee067bcbbfb,0,150000
5b2b5d715cbfeefa8a8d60246a8bc301,0,0
5b9141ccea3f74335ff9fed13fbf0231,0,0
5ba35e9b752a2703d9b353d220c8a6a5,0,910000
5beca09408f2d80a47a349199aef5b36,0,1897800
5c16815888e1d4bb45b815fa499601bb,0,275817
5c9283ca96fd577d8e9194a3896390a0,0,174000
5cacb7e52a286611c5636a9926ea837a,0,193900
5cbd6828dcc6af6daf9f83f7cd329634,0,300000
5cbdbc741c95ff5b0f06c111198fc7db,0,0
5cbebb7c5affa88148f5fdd768d5aed2,0,375000
5cc9d0555996efd4d6aeaa5d881ed4cf,0,280000
5d8682b69f0ae7c47dea2398e43a5a82,0,0
5da954cb4e3d9aef0acc74a9b39c2404,0,0
5dec7cd2d86f0b2928ad06d6c07dca5e,0,524485
5ebbae437a68c26ab0075b22f1ba0cf5,0,0
5ecc0db42c9dd1079724128d9c003a57,0,1740000
5f03b69120923bb71bf70d7529483db5,0,0
5f0b0e1f058f48bcc4553f68840e053b,0,1417200
5f487ccc5d2137af9028bdd3ffffdd34,0,1020000
5f673f47fcb2d5af6faed10317e09431,0,0
5f7fe5ba9b32c847a12ea358f178fc8e,0,329220
5f8b27dea3794d9832031c6c1ecb005e,0,1700000
6012f8167adebee8d7c90114a1bf49d9,0,740000
6041decb4a299818db83abc5d092b284,0,0
60c70cb134efb6e08a8e8a44e19e406b,0,1901200
615dca691bfa48c8bcb1a5d263279428,0,0
620fc012e0eec354ffdf083dec619f8e,0,1140000
630599c1f59f05afaefad71a9b9fc7b9,0,200000
63983277c6a4b57b6ed98afccfc85fef,0,0
63f40a0b72615327d60a5a5249b0fd8c,0,2592710
6425bca117c1d9a40528407c9893f115,0,318655
644e01c9d2a016f9327ce6922510ced8,0,0
645199bcfa631d56b31f18741cc4e2ee,0,26155
6484c8658d847f27472ac36512948b44,0,1140000
64a8855480c89023e72f24632e9cc3f2,0,3035980
64d2c80ce965895718fbd4c4384a3b47,0,350000
64f87274ac1cab8aaf196a99546168fd,0,2175500
657b838eb15529da657a8a9d1680ae93,0,1337865
657ff0801356449abeb47158b1473e8e,0,103000
65c2a2f35ff5bbdf5452bc1887cdea6a,0,0
66cc5a450798df516f71a64b97824130,0,1551300
66f34036a31517e95aaee0624744568d,0,30000
67066f44c2a30b7a00ea869a06c11935,0,448000
67337e6ec4bd8092f9e34ba9df0882f4,0,461695
675cc5d9ce80ef8ddd148ae13cab0cff,0,568000
676452c0255a055c0cd9e65a602725f4,0,1672653
67f09854b08dbcd37599ccbf9eb2e1d1,0,1012700
68c5831a4e2764e8403c1835039a0caf,0,47314
68c8ef1a526e6601a3b2e2b34e2bc932,0,0
68fcec02248743d996567693095e0c3e,0,170780
692c299997ca919571223e279e8b5f4a,0,506255
6983466147827a87e45fb2009f113d85,0,0
699a9e362c39f0c2ccc341799d987fde,0,0
69bae53ecbd923f8c8fb0d070f45f7db,0,471100
69bcbbb25fece7d439a8eb63fbda692f,0,0
69bef2555991b9cc90ea0c0b37cd4aed,0,789200
6a0d7f21067ae474f0187a9ea457e7a0,0,0
6a2a98da44191d3e23facb5fe644ce57,0,1536745
6a4c5f9d95d5c0bd2794db9b3ff3bc77,0,254300
6a5b7a12b8fbb93e954938f4765a299e,0,300000
6b1768973fe84ff561ccb0bee050992e,0,1172900
6b185d4c44b9412cf51f3e3777783bf4,0,0
6bc6e857da4cfa157b1d4a2dc7e65f7e,0,541655
6c25a4a463975a10c3c976aa4d982566,0,753675
6c331771426471e6b4df861859a21a70,0,0
6c9ca5318ef16aa7b75ae06ec782b2d1,0,2735590
6cae46d4bb79be1dcf35a0feb5e0a77d,0,1300000
6cc4160723b6674ad88cafe742c73c25,0,1230000
6cc4c80bd65f3650e4728537cdf2f968,0,0
6d14cff4cae55019f9991d97fbff434b,0,350170
6d36c7d00154e398d8c7951e23acd38f,0,16970
6d7a6c4050aa00468d677bac48946c50,0,70616
6db6541a11f60cb00370997a3b5cf269,0,0
6e4c1b2eefbfd44dd3dc862f69edc59f,0,110000
6ee73ae5467ee730a3ceef931a2d80c5,0,440000
6f20eae17f3c6506fd06b0d5ae8f8db2,0,0
6f3433992bbd8b429710fc2965216bb9,0,0
6f793ef226ceb1692dece8764a79aa87,0,50000
6f839d8fa5057ba9786fb5302377eba2,0,269700
6f95b568834a059496b808141c06244a,0,183392
6fb1af0fa8d8982293b2f6e478b21e48,0,44400
6fb35f93b4d07323e807d51e6a385c1a,0,140000
70607543d6a8ac6bab2707a7ec0cb8ec,0,0
7071fa982605365eae7b59c60aedccb4,0,0
7075e90807a9363f8e05fa1a4fcd4c5b,0,9685
70985d589db2aa8485747bc8d6ff13bc,0,660000
709f55b4d33594b565ac69590c0c0eb0,0,0
70ad728834909498af0cd35020c14f43,0,30896
70e35e5eac6e35f57e8070f1d569928b,0,843985
715f34d8ccf9e13d5778b627541d4230,0,1340000
71c99b8f7aeded28b701b404ec0b40c2,0,482979
71cc163723fd52cae203f7b8f398cb18,0,0
71d0fb1dbfac06335808c3ab3c0c9c37,0,227000
71d2033880d86c8f89c6477cad731471,0,815800
720738a1fef4d52ff5d03e42267ca5ca,0,200000
72251bc7370b72c8cb59ea46c724c6a5,0,0
728c7ec89479835b294acfc75417033c,0,0
7291efbb674d0d46e346f290de4e7c9b,0,9970
72d9de3190f84e0fcb1bd2345050e3f3,0,0
72e32968abc48d6c832a9675d1c2dc68,0,510000
72f49a96a444f8eea4cf1a6b867236fa,0,370000
73354b7aebb9f1e90c2699a253db1709,0,225092
735ba710f7180e6ee0e6ca36fc23c4e6,0,399900
73b2b4e1b53a444f4e9465c8ded2297e,0,1175000
73cc37625188b81c3861406ba82da8ba,0,2851600
73d33f55e2b4e47c4af9057fcc82016b,0,0
73e24716b3ecb5a4ceb9445438082f54,0,0
743ae2538b56b73eb16a5c23546f4719,0,196000
74481879ef31d061e838d413d41bc36a,0,18955
758c56bcedcb9c238f8673dae9cd51ee,0,923900
7590aaacd489b851e1c013404bb5df23,0,426000
75fb089282ff9432808651cdc4315b66,0,1283570
7615d1658a66aee3c0dad54e78155011,0,0
7649cd9cb6c541662982d6522db23c24,0,690000
76e2b125cb7f56532b9f40f5b7320a35,0,0
76e59d887a81a4170e2db14de542d2d9,0,40000
76f5bdbb616ede2dd74bf2de7ffb0978,1,260000
7782a6991a31bc7d9ee97098030fec71,0,0
778ff46f88209922f5d2f4549c3fdaf6,0,0
77bf4f0211ed98aece2f3a0030df2137,0,0
788195c18e8c74eb3eb26fc4d485c6c0,0,250000
78cee9866512f682bb024f7b8465f77f,0,0
78f0c7481b2519ca797ac21464aed0ae,1,262000
793e0d7376781d0528e828dc04b3c912,0,9770
79c7d6f3adccab36b3566e7ff046de53,0,0
7a0206bd4139b6840793d95d300f113c,0,140000
7a35f994a4cd8c64e4b87eee4a98aa48,0,0
7a53247075267e7236a9495683f113e2,0,150000
7a755a2d23a470cb5861f756dc5eaed6,0,1160000
7b07d7d1d9152ee169c065cfb3a3cc2e,0,529385
7b920613c93c751265f0292418fa5751,0,12977
7c1e00f528affc44413966e10c151133,0,660000
7d6f7effdfc124df946a52ad4da5b569,0,420000
7d96cd15ffd65a7d00e7fe49d6fc4858,0,0
7dd45118044499df8695d21a0c877667,0,0
7dd4d1d0d00f78e3b109662f5ae5ca17,0,139800
7df7c7f11f55fdaf0e1475dc7a6604c1,0,419985
7e114627e4f9fdfa02dbca8446c636f7,0,875100
7e856f09d6ae8e3810f1342689019f16,0,0
7ed3f89b7a38be83455b5ade137af687,0,545500
7fc012d3fb9cef29ee0e14b71ef6f076,0,0
7fcf2167839c51b832fc0b6bfd74a105,0,753900
7feec93c3f2982d0bb861feff4809aad,0,0
80542c64dd904acd4e519a18ae7475d7,1,0
809c86d1154a535850317c7f70a1dca9,0,20000
80af540a71ae1ecb896a91c3cd3309ee,1,0
80b5afb421cfc613000ba2938d6ef977,0,300000
8100e58f5d3c2cebf1e4b7f83b615514,0,0
814540fe7bcd4d1ae7d68ea7675e7232,0,5177670
816c95f9205c86f99b3480aded60ec9a,0,0
8171cb5826a3ce45af2ef78d62135f10,0,0
8179949a49d27c11650fa049cfc8276d,0,316000
81b4288939c1c3507a5df918d434ab28,0,0
81cfe4c709d43a9a89fef3dd45216137,0,0
820f023bd4a6e3131a9c5e79193d0424,0,0
82253490a22fdd50cf348ee309deb92e,0,0
82322b9bee007b39cdcf6ab067d923f5,0,884900
827c13b76833272ac743aa004990cf53,0,0
827ed4b5f871e9a7ef70e8c8af003630,0,0
82ba2ab5bea02d5be4839e98df98a07a,0,213900
82e4541f253c46c00fa12d0cb9789a98,0,412500
8362084129c8ce7df4c0bc09c534ac56,0,0
84e6b9d721deed3f7bdc5752682da147,0,0
8525812218fb697acc9971a6505001f7,0,900000
85d4615ecbff4ba1aa2b176583112a16,0,1214992
8685fe841d6a350ff5a3bfd844871b7e,0,372250
86901b8948ee3fc4af4fb34e9e03ed08,0,0
86b365bb87e25f3e10d4504ca8918503,0,159485
86e39a074c9a6f27712dac92c7635203,0,0
875c006ca8cffc6d9b55d1fb8aa43ba2,0,264992
87cc3cd5e3714a2fb14e960e135776cc,0,917080
87d2d2a58ebb89040a04bfe39e464b08,1,0
8821f73e830f117924b41cc93b3483bc,0,0
88a5745ae28eaa9495f7c70a6f5bfcb3,0,642377
89021f78dfc69f6b0df3d04893e03e5d,0,405500
89c12e43b31378bfbc938e56526e9435,0,170000
89ed491e2cbd3a6edb5bb9209b74c980,0,120000
8a22686ac760d4cbfe5f74447b68e719,0,0
8a9bd68bd4330fdb830dc1d8a8b7122e,0,880000
8ab119f3ebbbd1098a2e2e3281b856fb,0,210000
8ad8172543493e08109f399721b55156,0,0
8ad9e7545be7b024a4eea9cab2133a52,0,0
8b1b09d069d230645232f9f4ec116f14,0,70000
8b699209addf73727fa6f66cf7828f7c,0,0
8b711a894cf9da02fbbcbd1daea597c7,0,3840000
8bf0fbc70b90bf42c4199a3c5063e9e4,0,700000
8bf419867d3b3a8990dca061aca04f9d,0,10000
8c152de71db30af3c44ba35ff3a66289,0,350000
8c1c01657d81d2d41ad9fc4ec713af04,0,1344800
8c201f0d6353b4255bb599b735baba2c,0,0
8cd4b87720957bdaa83a67bcb9d4f582,0,0
8ceb89f173bc29022f8765a5e39841d0,0,260300
8cf74671061d773566ce327c165d480a,0,24162
8d12ac05ec3b77bfd6462f81d55522fc,0,1548300
8d785614fa66d6ac20cc11713b92de1a,0,627610
8dbd8e7b33ee64f88fac150117be8c50,0,210000
8e0d37f9a7e6ea564e35561bd8c598fd,1,0
8e2e8eff0669d89a56db10d14cce629a,1,0
8e568a0b35b6b6eea64be58178099b3c,0,0
8e75b5187a6228d5811b0df7fcf5f99c,0,0
8ee8deb88f29c18292438b9103e52d89,0,0
8ef647093abd2b2f44e2a7d5896e1dc9,0,0
8f0374bbc166c71f6376ed561f58b19b,1,221500
8f1ea553db73c5104cc7f459144806be,0,390000
8f9463961e5bc6941c7063200ab1b5af,0,450
8fb5b8e7ad8de9051f5e7a06429a1c25,0,65200
8ffd9991b87e60527d959670fe7ca2ef,0,279900
9029ad269730b85b46be3aa8f021610d,0,0
908fca1a1998d5cbc7680dc8d1fcf903,0,758480
90b2bf688e407616b9e37e8721e40d8b,0,40000
90f9881555cfaceb4cfc289af044a6fe,0,0
91178d2e156d7e1545f3d1315bf76593,0,233692
91a87fef404d17e34bf9a7319a840418,0,1084890
923e238dfb93b80b9fad555cc4e4c351,0,9685
926352c614c6f6c699106604d1f39fa3,0,2105470
927a29b8cdd6bdee3933d9a10ab7dba0,0,581000
927c293ddadf95a3cf376923f4d3d594,0,27385
9323516ec530de265e32ae800932368e,0,961400
93413fabc754d4f3d0ded687bb5c63fe,1,0
935f11d569819a901970af4c6c1548a3,1,0
937965d46e293fd024bbbcc9c528d861,0,0
938d1c5995d7f18af76b1de8008ec491,0,350000
93a1a80bafea7c7cd90d154107fa28b4,0,809400
93a924300517bbc1f62cf72509fd22cc,0,189100
93c1ee786f050532c84111bec586c3fb,0,0
93e4218b02464ecbc5b6188d9f2b0061,0,1150000
9463d9f3b8a170a9d07ff1baeaba04f7,0,20000
946ecbd61aef26d6a7e1102dab43e3ef,0,140000
94942b55f6b13c49afa9a926bd496fac,0,0
94cdaeb0c1ddfd4ab0ad8d074e9cc4d3,0,0
94ee8504d1bc5566b5a0798ce89673bb,0,300000
955b7f35b3ac96e00822bd63123d011d,0,182600
956af7499868740f143772ab40d4436b,0,0
960aecb680cec34f8809072273134c92,0,1163800
9615a00ab4809b7943d30f113bab92e4,0,0
96443e159f653a90f087d6f198a8d4f3,0,391100
96953ed5eb25f65eb034f580c1bd7455,0,720723
96bd084de7b2703703b8b28d2c8d0773,0,0
970c89f456ab4baa19e976b706852302,0,768200
973dcb01bc4e28c4551946de766db500,0,600000
9760d5b57a0b5dc3270d3b44ffbdc24e,0,100000
9769cdaee8a9d2107626eff39e9dc4df,0,598247
9789bbed7b011c38472c7ff64a71a179,0,900000
97a96520070f3634722c6bfd6ae98dda,0,860779
985661eb96b0c75a0a06370c7f956e4b,0,0
985f60069b0bc6e04d3acc64af04adc2,0,310000
98726625d2be6914119f700ed1c3808a,0,700000
987bd736d2509e01b589395063936e2e,0,205600
9897e7babbc528fb2972895291570469,0,487800
98d640da181a227065f1f209ce24d4fa,0,0
98e58da0b481ac39334622bd29c40988,0,310000
9942382af5be232e5a17682862594374,1,168100
99732d04c85100cc3b7a6a8000cf5eb0,0,210100
99739497cf18db973126f809cbdc967d,0,0
998f465b90b7dea7f312698c518b288a,0,0
99b507208f1d99e3bd859705a88b3615,0,390400
99c705c539eeb5db1074d525de6c6407,0,285000
99cc263cdacf14e1094d803d6f2e3428,0,149400
99f750b26f1a09b54ce997b86384722f,0,403900
9a170153ee4a5c1782cc78f1c0b3c14a,0,659495
9a29c7b5934a69cc364e83beebb28a41,0,0
9a4b14152a38be42acf98560b501bcaa,0,0
9b08eefeb5f14699d4bceee261ba8201,0,219485
9bdb36e35ef125b5aa553544000e0bbd,0,0
9c251c6e63fbb46e0bd93a7d4790cf2f,0,1254973
9c41302a318098d799bd5dbee9c92da0,0,106000
9cded12b373fad504555d200f5fb34a8,0,515000
9ce5efc30d2f76df17e77ac3d817c4fc,0,53800
9cfd74728eeee61e1a565c48725730d2,0,0
9daeb897cc2a1792ee51a4d833ecd4d0,0,828100
9df57667b6b0534c8fa1d9fb87d8ddfe,0,118200
9df6e40bf1753978458879eb258098fe,0,612300
9f08857bbbce1a4b9cc03c4ccc041e39,0,0
9f0f13984b004587b933fbdb6659b180,0,0
9f1e9942e032dbc6efaa98f7a9688938,0,0
9f1fa6f11bbb0409bf6adc0ecade4e55,0,0
9f5328debc853255ba4943ec36876c19,0,1528692
9fb25226f07ccafc69f76cde5f15ecbc,0,1019800
9ff3fee72ee0c10720c2ee9f59b6aff9,0,320000
a13417fb571fd38c580c5c21d54d5807,0,0
a17ef142087d88ff0d5e0211dd3ac651,0,708250
a1cf2c47cd0e5942835460cbb73e8488,0,37800
a1d80041d0ed2bafbb4726ef7c2d67e3,0,156000
a26c248d0cc48ff69d0e1a1f961b251d,0,1024181
a2a672c72beecc70bf7b15a3adf2e667,0,352000
a2b1c323101430ac6da49ee90a0449e2,0,0
a2e34ccbeffbaa2e0a48f854870b4887,0,329700
a364557315e8cf7dd50da31b1c92893c,0,1725000
a3663b1c6b2328d06ea5a42b2999ae1c,1,0
a3924c7efe7332ad6590ae4e45cb9bfa,0,2108255
a3a51a8cf0afa595e42f4d3923ca6439,0,0
a3c0c217b73fcff8aed7b89217b365c0,0,0
a3fdcd3331da82d1a9a7150b5911c193,0,1249755
a45d745db4d0b493dcabaafaab0ef036,0,0
a47924b5f0e92758b55d364c066a2569,0,3419400
a493d88f9907babae5105ffcb874cfbd,0,0
a4ef77b9bbe137ad55120b8bfbe57f5b,0,685900
a52d106ef767d883f7f183c4fd489c97,0,550000
a54ba7ac316363a1a2b7be4cf88ef425,0,0
a54d7d00aa8c8e0d99e42f0356070133,0,0
a56b8beb4f0826df928367f894aebab5,0,60000
a5b04732539c5165f2804c0b55b12ae1,0,321040
a5b244be64056ee0de2300624ab4ca66,0,598000
a5b4faf163a4a1fee6851afacf9014e5,0,0
a5b77c7e860cb28d2d0a7cc54e002e33,0,87000
a6b6fa874f2a085ef372cbfc0cdb8af0,0,2232960
a6ded87afa374ccbc814615b6993cec5,0,730000
a7539c1f935512703dbb3b5e608415f2,0,0
a7574dc46abe94621d5d1bd277fdf56a,0,0
a7636bc8f3c75953583f61b4beae8516,0,0
a796af895a9398365ba3505c2f6f71ac,0,134984
a7d5f50ca6ad00ff5382261fcbdfdfd6,0,832400
a94cc01cdb6748d55bcfd697aa436026,0,350000
a99ffad1aa10b5945357814181b54a66,0,187800
a9c1e7383bb5287eda8f2549a2ee153a,0,1000
aa176d62e60a10ee24572f92a53f1699,0,1494870
aa4fffdf7e6f3d7f68966bbcfa2ca455,0,159485
aa5d30aa14d4f8fff38d2a340c8e53ed,0,370000
aab6a3610e4dc7745a1e479cb416894f,0,554000
ab751469c1501696d19aeae40c477394,0,0
abaf47c9a41bf675cebe3d672d376d40,0,0
abb05d5afa5e523deed83b691e461444,0,1486810
ac08fabcd3a814f85ec8f395f10e27ed,0,0
ac2694bc51004ba9ea4a2dbb8e72cc34,0,185900
ac4aeed37258b47a83393318308dc7d0,0,582995
ac50e96cbe6b98d89ea9e0e43981a8d7,0,0
ac91bb0307aaa162b3688d5b667ce4ae,0,0
acdb85707a6f1e6d3e6258eb60c38035,0,0
ace72daf6b4ab3133001c65e46e1ca1d,0,174900
aced56722aa94e42881d4407533f4e06,0,0
acf47558de4dd5579e3dc62b10ce0080,0,312381
ade451711390312825bdd67c3b5b2632,0,0
ae71f3b43c0f5f988a87f439233266d8,0,510685
aecdd00e76f3f79f8915db55fdad000d,1,0
af0a7e8f23b4830c231836de3d83a433,0,0
af12544ed2ae6eca6968082f94aef9c8,0,174500
af371757e116f287564718d2e91719b8,1,0
af3eb1315e3bb59a84a39c47bf7e2030,0,300000
af469be37b7bf6136a5c8b15d0e352c0,0,0
af60b8f45ba886cc4e69c8b95ad0f71c,0,100000
af8c6a0e1cd0bf6407071aee44f7841b,0,0
af946c10df4d4d2a38ec675cf63997b3,0,847000
afb990a4381572055540783cd74ccb7a,0,2057600
b052db9c305205f7288ad111e5656c36,0,394800
b06e076ab990babc4d25e1d4deb1ebaa,0,0
b0bcb6a5467e48c7cdfb26cd6613535b,0,0
b0ef822dec7d390e3aedc6a0778def76,0,265000
b1037cec9d17ac882c73a4c4d592e29c,0,0
b17acb1d8546c904461b7b42a2e07d93,0,2282900
b1e61db9d722dbde90f9bca3e4ad8a34,0,761300
b1f544904ae726e8d2e9b2cb2301bb34,0,1001965
b21a9a50ca5fc0adbc56fa57eca287b9,1,174530
b22765be611b2146db476ef348f952a2,0,0
b252965e895249a51a0bbe3907f9dd7a,0,0
b288eb023670686d5d2b143f03a91799,0,0
b30f6d042b39d0c66d4cae7203a3a8c3,0,0
b42444383e980816925af5a879eb1bc6,0,945400
b44ac91a80e13926773f5d8fedb85c7c,0,150000
b4a3515d126fe1d2f6d01be4376d5e75,0,190000
b4c4327af80b7caa3f4b6ffffc3ae2ea,0,480992
b4f3c6892e32ca29f8424d5d806736ac,0,0
b5f693bc89a70febaa0c04fc190121ca,0,0
b619d6fa8edb499fb0957ae2b3a8152b,0,128830
b69fdc382d7fcc9ea6bfcc16e1e997ff,0,290000
b6c3f1955d18df05166faad53bacf1cd,1,0
b6f369fce9384e2cf493e9925293b656,0,389900
b76a0bb2ca280eadb41983e4fa788237,0,120000
b7a7d332f0926f6ec3d7099b27ed50b3,0,0
b7a87147bc03d398e02b82c79fb0973a,0,929600
b82b4371f45f7649e965978811d4cd7e,0,0
b8625c11cf7a664a7d0847e9f07a4e95,0,100000
b8ba6a980138c2cd25976bf9cb66c4b2,0,0
b96d480ccc855e89934519c7f79af39d,0,841400
b9e35ff884007be13b4af4bff50ea3f3,0,119900
ba9225ead9655f970b07a90f2aedd2cf,0,46300
bad7d2f9b208f008089b2a6f95281366,0,0
bb24d41e33b7aa1f40aeb5ad88d3b328,0,33205
bb27ba5bd25676abcd5d893f31647440,0,1164700
bb5be9aafb04bcc52be21025a369c367,0,120000
bb99dada6093474972447e86e46a555d,0,0
bbafc6122bde6d1e408f7cc86fd05a96,0,71700
bbbe78dd77d554f98c648830e2a1baa9,0,9685
bc4f4f49b4d1733ccf5b4e527b3eef25,1,0
bc5c97d017372b1fb55de5857e83110f,0,499900
bca4b7493aae649c5ced96827463bdc9,0,461900
bce8b83046bb35c487c0de60f5c55b9e,0,0
bda946b88daa17f741b9a5a1b3f3bd0c,0,0
bdac3142f80607538d3c64091fc8e1fd,0,230000
be1f7ea260710164c62d2cf5d24c94fd,0,741715
becc30a4ee515b01dad7e721fe4fda05,0,150000
bf5209df4d96c0c02c96d22a8090f16f,0,100000
bf5c8ab365fd2c1aae0dc8d0f58e4885,0,454685
bfaed63348f502321913d698ac03c739,0,350000
bfbd845652cce66e1def180f55812c14,0,226600
bff96e4caef69019218048464b2d9244,0,209485
c0bae677771554bdae8f2dcd398a0991,0,997500
c0c182c855db73c7b3ca5c2c0cab7c9b,0,0
c127d4bcaaedcbd50d77e52b9dac22ff,0,0
c156e665ae14b4fc56d9ace79fcf5e6a,0,0
c16c4e2dd9b9bdcefb419ffec7adb092,0,10000
c17060fd7fdf477fa4a8a56b9560b9e0,0,349900
c18093e9f1d80be7a3bff9e5f2d538ae,0,0
c1dc673db6c528cf8306f7e3b3e0f148,0,0
c25ac7a06fe5fd06c3776a9a8fa1a3ce,0,1132245
c284e9f656f66f05c59993fc8b169bd6,0,841708
c327d6cb943aa7d83b630f87dfb947f1,0,0
c35a7f671657990303f3566e8ed20254,0,640000
c36696d350d9ed99181022f6bf36e1a5,0,257300
c36ae840a0048aaec5c3525ae2ce2a47,0,0
c36c7bd9b2f06392545d45958b7808e2,0,733000
c3c44f892b5c8a87d2bbf10566a082a1,0,133000
c3fd8be960e94b33cd8f528c179b5e7f,0,0
c40bac52b3f9f61443b51579f2b4e4c0,0,660000
c4125ed2fb039409fdbd121dd9c3383e,0,300000
c428ca8d1e90a1ca1bed882b7b85af2a,0,1329690
c448fa2057d03a330371c25067831cfe,0,675000
c48999499ac070abffcbcf75fa967e97,0,0
c49984f6a5c40a4ab5c7f30961e2a0c9,0,119470
c50aadd55623fa894ab6bc9b97f8f8e4,0,247500
c50ac16c13d76727f58b929e90153ea0,0,0
c558c7f2795d4948f55ccf7dc7573071,0,140000
c577d47f6c3bfd7a6939f5e47802d391,0,0
c5caea23af6e3debdc0de783dbb41df4,0,196000
c607c837463601be9d9b23f2df6ad2b5,0,575900
c6221a345de22b86e600e1b1f2090f9b,0,359985
c64ec9d51519c1229689ea9883d00901,0,750000
c6502beb062932e1eb5ed9263010b352,0,460000
c657245a852f22acb104958d6801e147,0,211000
c68b3f92adbd9cb5ed80a68bc68a863b,0,0
c6b0f85d060e0e4f4b46386e3dee2fa2,0,372500
c6d9cbb42cac9cdbfd44fa70d90e14f8,0,0
c77d408022e64d47dcd9f1f87930ec05,0,2053165
c7ed9d551e6e219e158392514f47fb6a,0,1331000
c7fbc8a8815cb1bd6ceb03f371c90525,0,370000
c8afd87978292225bea51fd2934171d0,0,812000
c8dc9fa0cb073054ca17f63decaa3d42,0,1303595
c992fc83dbe0437b3854ebd11ae1a16a,0,44650
c9b0c564e21c5d99f423bf7f7dabc2fe,0,564987
ca52094434d55a51d9d62ac66e0ce591,0,0
ca61505aa81f97472b6ee5f71f33d99c,0,3170000
ca8ecf13c9e7aeff7514a44d7811f043,0,112400
caebc2941699ed2f9e82ab21f750e6cd,0,300000
cb17f095a7031dd3a2f95f2a8cb8b297,0,2485200
cb7556ddaeb499fa77fd6a672ab6659e,0,0
cb89f5ed92aebf9a6df9298fb04c1be7,0,961200
cbef083337d1a3ea014d4a2d49b03f0d,0,8970
cc4d6aef0127822ef7690ed65e23ff06,0,1020000
cc54b20acdef856e26f831d176f2941c,0,645000
cd59f40fcc22cfa61b5ef44c4c72e00e,0,0
cd6432c3f6290f4cbabd43cc15a452d2,0,1594200
ce7152fb41bc19f82b109f3cb0c8bec7,1,0
ce9d64d8fdecceb2c9e988a66c1a38f3,0,0
ced102bb72b8de5522634fd5227f668e,0,258000
ceec76c1c2ab41e2524944418e238b86,0,0
cf4949960915322e26b451277e156941,0,0
cf692d9f2e96ef155f5e0a098a4eedf5,0,0
d063391020e909c68c79043af5cdfe93,0,0
d08568466fd020dab443a88ef60d7fb1,0,0
d0ff4cf2ab5c763734e2790aebeb1580,0,2091495
d170cbf36b40f1d032ab98fb9873dc75,0,469500
d1768470e7277992c9eaa3e5023bf1ac,0,650000
d1d2985d2b9ad5bc880d0cde1102c151,0,1579400
d1e9bef600ec25ba931cb794d917071d,0,830000
d2821a1151c8d0e2edf0d95cb9d124b9,1,200000
d2984e836ef30ee850c6e45e0684cfd1,0,332980
d29d936203f33a53ca0fd8879912197e,0,3311900
d2adc3a5c1ac60d123154c7f9d18ad0c,0,20000
d2ee26707227e40b9cf97f4bdff0e443,0,0
d3038a87b419199d176f008170299b6f,1,626800
d3288ee3371b21f22d73c38d0b40b17e,0,0
d3ea60bb99f96cef64f77f2282aa82a9,0,391900
d3efb0268b17413c08278464294b762b,0,432100
d4153c6bb9eecf0eb732153237eff023,0,208000
d423beea403cc11d85739ad9534be2a3,0,4992
d448cf338648cb5ca1452c6bbabe529c,0,340000
d4546c70f6e9b4c6aa658419a0e5b12a,0,239270
d47805d86c28f846bc6db09ed2067318,0,129500
d4a42d0b78edd48b6c7e3ea9517b92a7,0,0
d4dd8a17ab18b83a4222395c17451e1e,0,189000
d5d48ecf318364972b16bc5024729c1d,0,100000
d5e3940c4c7b04d0f832fb9ebab6ed61,0,60000
d64708c24615c8fed7b1f79743c565e9,0,403000
d6590c1fb5fbc72b5515992016d85c55,0,300000
d66bee145fabe39a9b27f10a7d3f6dd3,0,335000
d68a3555a28773e54b1c2611b1b5c23c,0,0
d6a5a3f01889dc502c16b48df4abde61,0,0
d6f327c1304357b0bb11ae6ae700b923,1,40982
d7b77eb9599f527fcfd7d49ad887a825,0,480000
d7e8bcfc5dfc22e2b1ff97bf72751696,0,709900
d81f9baccca9495c4a93a161973a96a3,0,717400
d89a9013f055121101cef2624f484c4a,0,0
d8ad198ce2930a70aeaf0a3cf34f14ea,0,0
d8d4123abe5deaf3db7634e0cd7a6dcd,1,1060000
d94b0b398cd3cf001488ea13f096cb9d,0,390000
d99aab767733e3cfa389e97b2f8c246d,0,241000
d9c863080c0da7c60c5b83e17f12eaf6,0,520000
d9cba30dcd1f2b959104dcb564168dca,0,20000
d9f99b33ce650cfcc38dd0acfcdfa175,0,0
da5beeb8f797aae2259ca94520bf6dff,0,0
db1b50629a8453f6fc0b038dbd14f2f2,0,65920
db6b95a8a044165c06e3601d64927edc,0,0
db7f5e4b6acc25834a283499409686e1,0,719900
dbb422da860c68add777eb0d4c4b64fe,0,1304900
dbb5552d17cf004118e7446891ee59e0,0,1192000
dbedf44b0312d9f6f532de48076d6871,0,0
dc8a4ba22012b25f2c47072aa265b881,0,0
dcb7bc70869a1c87134b24ea506e3d14,0,0
dd44619151c44f91cf3e819fcc2fb2f4,0,0
dd6642cb9357afb4399b07a4a53736fc,0,244900
dd8c02cb2e017e7c98597306f3eb3fa7,0,0
ddbf1a308201e69003bcf266958532e2,0,306100
ddfb9cfc7ee9d122a99a813455ccc73e,0,536900
de2ae16d1f628b8ad60bc28d3b12f4f1,0,20000
de2afeee2a45074cd8d731fb426b341c,0,0
de60ed48d429dfd2e0f7e58da6807f04,0,399900
df3f388b35185938a7d449402281b6b4,0,0
df4f49ba3a1c1b6290e89575e0e702f8,0,197500
df59d8c331f194ca7723912bf9e4d8b5,0,466200
dfdf7d75e487da08a7c36430a5b32cd3,0,9985
e06c42e7d1dc40741078dfce12ba224f,0,0
e0916e0f2a1614a0de2d8d2acea0ee52,0,134750
e0e070c527150c2cfb6c94fa1b72a273,0,309485
e145ae0711b16af4ab0f6aedcd6e7a64,0,495525
e175838f452194f16a0ae961afbe2853,0,0
e1c665784a5317e491076522e043683f,0,273700
e23f8ee0fb9bf2d7259f7c8c89c6eea2,0,590000
e241db5e54347af956fa3ee3f6ce76d3,0,0
e24f442a8d73ad01d32dfe525841e016,0,0
e2fd8e8861bd971df12c5863dc391874,0,101100
e30571c3be67130e413a1c2f78a1fa4a,0,0
e3642923bf6b10123c05f287b64979c1,0,1129100
e3c12ad2cdbd8f7045405625bb613222,0,2678800
e4071e418d28534ea6d42c73d52e5ebc,0,0
e40e7e9fde01ae812dae5baa575fc340,0,324800
e433e5c2e03b5c3eb5b60062ac7a73ac,0,0
e43f3653f0cb8d483488cb7d1f11d111,0,560000
e46fb681a0cd8d8b5b1202b5438944ec,0,0
e50b1e80be743397b824d0111127c9ee,0,0
e53a0759887fc12c82efa684c00cb7d6,0,312900
e55449afa77cc1cb765bff215d2218c0,0,0
e59e5ecebf53b5e9e95462160d965333,0,0
e5c931b1096d4015819e8812aea8bc42,0,0
e6638ac918ba3c23908d264a1156328d,0,0
e6780217282922a3c52627e2fb0d6600,0,243700
e69ec12d4e138981fb45a5d1b5683675,0,0
e6d8afb72f93609dbad9ccb14574e698,0,0
e704eab77ecd564d2eebb68d3d4cc411,0,293600
e7501c2d24ddb64f80054055cac235f4,0,209500
e7665ed79359ac6413d3799697d61255,0,385000
e88df23137815cfcf4cf70f00dac4faf,0,0
e8e4e1caae2f6adba9573eb7da62ebe5,0,59000
e96331a705f5c179352f1a347e3e85ba,0,350985
ea38745cfb55fa787b7a891e4b36ed54,0,260000
ea5ae69928be1256a332963cc7910281,0,0
ea86f3fde0e5cec9e3105da7c9e8ea35,0,940000
eaddef3835976500e37765ed08ea3509,0,0
eaf529703baa9d1dcd67e0f0b2ecda97,0,549900
ec04568416c1c61b0f0bdbf6c2d59efc,0,0
ec080f22c7fb02a4c99620fe6e767510,0,30000
ec33d9efe7543f8b0d97dca2fe3c7d11,0,0
ec42ba7b425fb4483faa599dd417b496,0,925000
ec82251334353b7d17f9b4fc78968db5,0,120000
ec8b9a9de47b5ac7a3272d0be9b69833,0,687100
eca83b27c57d776effddbbce603d4f22,0,1697800
ed0d36f19cef797e3853bec96a209732,0,1044000
ed133fe7d04a72cfe1e595350a8ca65a,0,424970
ed204c6165c1ecc0ad7c8bb1ad0cfb56,0,402000
ed369104aadb5c7c295c169047424bd6,0,30000
ed83513e1929c5a15bbfa74fa0d0e027,0,0
ed83ee5e9d27abee3f46c2f93488390f,0,549900
ed9df434a0e1de39c8ea809fb0b694d5,0,128485
edd15749daa74c6972375d471d318620,0,120000
eddae35e9672762d1d4d407942158f3a,0,0
ee55df3fc8ef044e99128b1960902a4e,1,71200
ee848ac5f576d992ea960c88a42bb9de,0,150000
ee9079bccc23c0328dbaf907f017ceca,0,1485000
eefb6d599bfbcc039d764c60319bcf69,0,700000
efc0b6714ed6cd7bf4f2afb3ff1651e5,0,0
efdcd84d08299fee577f9498f3dc5156,1,124717
f002c287363f0535da81e6eb168116bc,0,0
f092f8f83e449df9267b6587d9812171,0,712467
f0a589998010187352d06262ac2842d9,0,0
f0da394b28d62c7247f79377f0cbadcc,0,645000
f0ffd283ccd1fefb7bf64c9ca41df66a,1,809900
f119aae8a56c62b6535c2f84c89bcc35,0,363800
f1a97f4f6d22b3c7b9cca561942a6e47,0,0
f1e54f9bde3f3218b892fdfbc35e86f2,0,308165
f1fc9831c1de39b5f015baf2b2a12fc7,0,383550
f21254ce929956e6a1c74c150b9149d8,0,190000
f264ffab1a3ed68a3c83f5ae36ee11c1,0,0
f28d7a750acc54e075848c217fac6c6f,0,0
f2913ed875f6582afae0b0655e78029e,0,257885
f2d2536db4b9e8864f9d860a73584931,0,159255
f32eed4285bc5d127722b251aa311f72,0,919800
f3307d62b6f62fe2d4a447cea1cf743e,0,0
f36f7a8303a28de739347e8901a9297b,0,0
f38a51b7758a394c3000c9d87fd6c94b,0,705858
f39bc91a56fe7b5eb27cc6132c0ae4ed,0,169000
f3ed45a688b7330a7346e58e642a77df,0,30000
f409f210255618988eb494af1477d96c,0,0
f49747d15bfec5eb66204e8959ea84ab,0,516585
f4a72ba08ad770af4eca7697781e6d70,0,300000
f52b06f80e2129f820faa97a1d0ebb3e,0,0
f5805aed513d3f68833c93dca30d7c95,0,0
f59e297bb53359bdbd19ee1c64d37ceb,0,1862000
f5efb1afeed987fde9b9f717a8870ca7,0,401000
f63a391a3863d1e2a1ac76b42248460f,0,0
f668711168699d0126cd6f7c5c14644d,0,356700
f6a399f0b2424bdc2a045e0e435d89f3,1,0
f8235789cae95856ba864b6885938ada,0,900000
f97043b6acd87716a7c7987393099173,1,0
f98189b0a66ebb26a5654134a07e8b1d,0,0
f9dbbfd1dccb2194f69d2d3f4bc76d15,0,1620000
fa5b66e6b3794cc6e684a613bae45d8a,0,150000
fa779df7de648d34f389f9e4e2fe3f4c,0,0
fab742c3ee2b1c31ecd2f13c1ef44496,0,683565
fabe2a6f33327cb02fb65d4b5e9afa93,0,1700000
fad4b877611008689a705fecea66e589,0,929255
faf5b917865fb8e4966c018d2cfe35a0,0,0
fb02e35365ad728f791ecb8af80b2156,0,0
fb3d0add8b2534cd8606a0c28006ea07,0,809685
fb4941f489a225b473b28819721ffa53,0,830000
fb624b17bef1867a41fe89c7f0314afd,0,0
fbce8807e186f420d4bc037aa1b70247,0,0
fc594880ef2ae80f09067a9a764ca874,0,510000
fc983b9d59afbebed7a3a4db58a7f604,0,214900
fcd467b07933fdb879babc0436735b56,0,1170000
fcf3c0bcfe88bf4c4128af358ee6167a,0,660000
fd1c21d7cced484d657a29864b323edc,0,662300
fdbfa89832da4ff50c9b9704b95f63f4,0,371400
fdffe893f21e26034abd6f7ffc30f21e,0,613840
fe093597da2536fd0255343817a6d213,0,10000
ff1c89142900e11e9b2b83d74fb4ba8a,0,541450
ff73fe09ba727078437a28a91c8e3553,0,0
ffbb7f3d139290a1ec539812a0701af2,0,267500
ffbea11a9aa8b889886214a18cd76fa4,0,1776387
